<?xml version="1.0" encoding="UTF-8"?>
<!DOCTYPE hibernate-configuration PUBLIC
    "-//Hibernate/Hibernate Configuration DTD 3.0//EN"
    "http://www.hibernate.org/dtd/hibernate-configuration-3.0.dtd">
    
<hibernate-configuration>
    
    <session-factory>
    
    <property name="hbm2ddl.auto">update</property>
    <property name="dialect">org.hibernate.dilect.MySQLDilect</property>
    
    <property name="hibernate.connection.driver_class">com.mysql.cj.jjdbc.Driver</property>\
    <property name="hibernate.connection.url">jdbc:mysql://localhost:3306/Student_management</property>
    <property name="hibernate.connection.username">root</property>\
    <property name="hibernate.connection.password">prasad777</property>
    
    <mapping class = "student.hbm.xml" />
    
    </session-factory>
    
</hibernate-configuration>
    
    
            <!-- JDBC configuration
        <property name="hibernate.connection.driver_class">com.mysql.cj.jdbc.Driver</property>
        <property name="hibernate.connection.url">jdbc:mysql://localhost:3306/your_database</property>
        <property name="hibernate.connection.username">your_username</property>
        <property name="hibernate.connection.password">your_password</property>  -->

        <!-- Hibernate properties 
        <property name="hibernate.dialect">org.hibernate.dialect.MySQLDialect</property>
        <property name="hibernate.hbm2ddl.auto">update</property>
        <property name="hibernate.show_sql">true</property>
        <property name="hibernate.format_sql">true</property>

        <!-- Mention your annotated entity class if using annotations -->
        <!-- <mapping class="com.yourpackage.YourEntityClass"/> -->